<?xml version="1.0" encoding="ISO-8859-1" ?> 
<rss version="2.0" xmlns:media="http://search.yahoo.com/mrss">
<channel>
<title>lesoir.be</title>
<link>http://www.lesoir.be</link>
<description>L'info en continu</description> 
<language>fr</language>
<copyright>Rossel et Cie SA,  Le Soir en ligne, Bruxelles, 2005</copyright>
<pubDate>Tue, 03 Nov 2009 16:53:00 +0200</pubDate>
<lastBuildDate>Tue, 03 Nov 2009 16:53:00 +0200</lastBuildDate>
<docs>http://backend.userland.com/rss</docs>
<generator>GPS-SELRSS v2.0</generator>
<managingEditor>internet@lesoir.be</managingEditor>
<webMaster>internet@lesoir.be</webMaster>
<ttl>1</ttl>
<image>
<title>Lesoir.be - l'actu</title>
<width>144</width>
<height>29</height>
<link>http://www.lesoir.be</link>
<url>http://www.lesoir.be/mediastore/static/logo.gif</url> 
</image><item><category>BELGIQUE </category>
<title>Van Rompuy : bonne chose pour l&#8217;Europe, perte pour la Belgique, selon Thyssen</title><media:content url="http://www.lesoir.be/mediastore/_2009/novembre/hermes/ID1904983_03_vanrompuy_ap_151405_00QPEN_0.JPG.jpg" />
<media:thumbnail url="http://www.lesoir.be/stories/thumb180x120/mediastore/_2009/novembre/hermes/ID1904983_03_vanrompuy_ap_151405_00QPEN_0.JPG.jpg" /><link><![CDATA[http://www.lesoir.be/actualite/belgique/2009-11-03/van-rompuy-bonne-chose-europe-perte-belgique-selon-marianne-thyssen-736123.shtml]]></link><description><![CDATA[<img src="http://www.lesoir.be/stories/thumb180x120/mediastore/_2009/novembre/hermes/ID1904983_03_vanrompuy_ap_151405_00QPEN_0.JPG.jpg" width="120" align="left" hspace="4" vspace="4" />La d&#233;signation du Premier ministre Herman Van Rompuy (CD&#38;V) comme pr&#233;sident du Conseil de l&#8217;Union europ&#233;enne serait une bonne chose pour l&#8217;Europe, mais une perte pour la Belgique, a affirm&#233; la pr&#233;sidente de son parti, Marianne Thyssen.
]]></description><author>internet@lesoir.be (Avec les r&#233;dactions du Soir en ligne, du Soir, d&#8217;AFP, d&#8217;AP et de Belga)</author>
<pubDate>Tue, 03 Nov 2009 15:43:00 +0200</pubDate>
<guid isPermaLink="false">gps://story/736123</guid>
</item><item><category>MONDE </category>
<title>Feu vert tch&#232;que au trait&#233; de Lisbonne</title><media:content url="http://www.lesoir.be/mediastore/_2009/novembre/hermes/ID1905219_03_klaus02_epa_165711_00QPFE_0.JPG.jpg" />
<media:thumbnail url="http://www.lesoir.be/stories/thumb180x120/mediastore/_2009/novembre/hermes/ID1905219_03_klaus02_epa_165711_00QPFE_0.JPG.jpg" /><link><![CDATA[http://www.lesoir.be/actualite/monde/2009-11-03/feu-vert-tcheque-traite-lisbonne-736134.shtml]]></link><description><![CDATA[<img src="http://www.lesoir.be/stories/thumb180x120/mediastore/_2009/novembre/hermes/ID1905219_03_klaus02_epa_165711_00QPFE_0.JPG.jpg" width="120" align="left" hspace="4" vspace="4" />Le pr&#233;sident tch&#232;que Vaclav Klaus a annonc&#233; mardi devant la presse &#224; Prague qu&#8217;il avait sign&#233; &#224; 15&#160;heures le trait&#233; de Lisbonne apr&#232;s que la Cour constitutionnelle tch&#232;que eut jug&#233; plus t&#244;t dans la journ&#233;e le trait&#233; conforme &#224; la loi fondamentale du pays.
]]></description><author>internet@lesoir.be (Avec les r&#233;dactions du Soir en ligne, du Soir, d&#8217;AFP, d&#8217;AP et de Belga)</author>
<pubDate>Tue, 03 Nov 2009 16:50:00 +0200</pubDate>
<guid isPermaLink="false">gps://story/736134</guid>
</item><item><category>ECONOMIE </category>
<title>Janssen Pharmaceutica supprimera 558 emplois</title><media:content url="http://www.lesoir.be/mediastore/_2009/novembre/hermes/ID1905022_03_janssen_afp_153409_00QPEQ_0.JPG.jpg" />
<media:thumbnail url="http://www.lesoir.be/stories/thumb180x120/mediastore/_2009/novembre/hermes/ID1905022_03_janssen_afp_153409_00QPEQ_0.JPG.jpg" /><link><![CDATA[http://www.lesoir.be/actualite/economie/2009-11-03/janssen-pharmaceutica-supprime-558-emplois-736125.shtml]]></link><description><![CDATA[<img src="http://www.lesoir.be/stories/thumb180x120/mediastore/_2009/novembre/hermes/ID1905022_03_janssen_afp_153409_00QPEQ_0.JPG.jpg" width="120" align="left" hspace="4" vspace="4" />Le producteur de m&#233;dicaments Janssen Pharmaceutica va supprimer 558&#160;emplois en trois ou quatre ans en Belgique. La direction a annonc&#233; sa d&#233;cision ce mardi lors d&#8217;un conseil d&#8217;entreprise extraordinaire &#224; Beerse.
]]></description><author>internet@lesoir.be (Avec les r&#233;dactions du Soir en ligne, du Soir, d&#8217;AFP, d&#8217;AP et de Belga)</author>
<pubDate>Tue, 03 Nov 2009 15:54:00 +0200</pubDate>
<guid isPermaLink="false">gps://story/736125</guid>
</item><item><category>BELGIQUE </category>
<title>Ni Thalys ni Eurostar, ce jeudi</title><media:content url="http://www.lesoir.be/mediastore/_2009/novembre/hermes/ID1904787_03_thalys_pyt_134417_00QPDT_0.JPG.jpg" />
<media:thumbnail url="http://www.lesoir.be/stories/thumb180x120/mediastore/_2009/novembre/hermes/ID1904787_03_thalys_pyt_134417_00QPDT_0.JPG.jpg" /><link><![CDATA[http://www.lesoir.be/actualite/belgique/2009-11-03/thalys-eurostar-perturbes-greve-736108.shtml]]></link><description><![CDATA[<img src="http://www.lesoir.be/stories/thumb180x120/mediastore/_2009/novembre/hermes/ID1904787_03_thalys_pyt_134417_00QPDT_0.JPG.jpg" width="120" align="left" hspace="4" vspace="4" />Aucun train &#224; grande vitesse Thalys ne circulera
jeudi entre la France, la Belgique, les Pays-Bas et l&#8217;Allemagne, et les liaisons Eurostar avec la Grande-Bretagne seront perturb&#233;es, suite &#224; une gr&#232;ve des chemins de fer belges.
]]></description><author>internet@lesoir.be (Avec les r&#233;dactions du Soir en ligne, du Soir, d&#8217;AFP, d&#8217;AP et de Belga)</author>
<pubDate>Tue, 03 Nov 2009 16:45:00 +0200</pubDate>
<guid isPermaLink="false">gps://story/736108</guid>
</item><item><category>BELGIQUE </category>
<title>Le mayeur Avril condamn&#233;, sa d&#233;mission demand&#233;e</title><media:content url="http://www.lesoir.be/mediastore/_2009/novembre/hermes/ID1904439_03_avril_arch_103527_00QPAJ_0.JPG.jpg" />
<media:thumbnail url="http://www.lesoir.be/stories/thumb180x120/mediastore/_2009/novembre/hermes/ID1904439_03_avril_arch_103527_00QPAJ_0.JPG.jpg" /><link><![CDATA[http://www.lesoir.be/actualite/belgique/2009-11-03/patrick-avril-ecope-an-prison-sursis-736056.shtml]]></link><description><![CDATA[<img src="http://www.lesoir.be/stories/thumb180x120/mediastore/_2009/novembre/hermes/ID1904439_03_avril_arch_103527_00QPAJ_0.JPG.jpg" width="120" align="left" hspace="4" vspace="4" />Le bourgmestre socialiste de Saint-Nicolas Patrick Avril a &#233;t&#233; condamn&#233; par le tribunal correctionnel de Li&#232;ge &#224; un an de prison avec sursis de 5&#160;ans, 5.500&#160;euros d&#8217;amende et 5&#160;ans d&#8217;in&#233;ligibilit&#233;. Il lui &#233;tait reproch&#233; d&#8217;avoir d&#233;tourn&#233; des deniers publics en faveur du financement de ses campagnes &#233;lectorales. Patrick Avril compte faire appel. L&#8217;opposition de Saint-Nicolas demande sa d&#233;mission.
]]></description><author>internet@lesoir.be (Avec les r&#233;dactions du Soir en ligne, du Soir, d&#8217;AFP, d&#8217;AP et de Belga)</author>
<pubDate>Tue, 03 Nov 2009 14:02:00 +0200</pubDate>
<guid isPermaLink="false">gps://story/736056</guid>
</item><item><category>FRANCE </category>
<title>Sarkozy mannequin pour la lessive Bonux ?</title><media:content url="http://www.lesoir.be/mediastore/_2009/aout/du_21_a_la_fin/_03_sarko_DR.jpg" />
<media:thumbnail url="http://www.lesoir.be/stories/thumb180x120/mediastore/_2009/aout/du_21_a_la_fin/_03_sarko_DR.jpg" /><link><![CDATA[http://www.lesoir.be/actualite/france/2009-11-03/sarkozy-mannequin-lessive-bonux-736087.shtml]]></link><description><![CDATA[<img src="http://www.lesoir.be/stories/thumb180x120/mediastore/_2009/aout/du_21_a_la_fin/_03_sarko_DR.jpg" width="120" align="left" hspace="4" vspace="4" />Le Pr&#233;sident de la France, mannequin pour la lessive Bonux&#160;? On a du mal &#224; y croire. Pourtant, certains l&#39;affirment. Les faits dateraient de 1967, quand Sarkozy avait 12&#160;ans. L&#39;Elys&#233;e d&#233;ment&#133; mais laisse planer le doute. ]]></description><author>internet@lesoir.be (Avec les r&#233;dactions du Soir en ligne, du Soir, d&#8217;AFP, d&#8217;AP et de Belga)</author>
<pubDate>Tue, 03 Nov 2009 11:36:00 +0200</pubDate>
<guid isPermaLink="false">gps://story/736087</guid>
</item><item><category>LIVRES </category>
<title>Jean-Philippe Toussaint laur&#233;at du prix D&#233;cembre</title><media:content url="http://www.lesoir.be/mediastore/_2009/novembre/hermes/ID1904764_03_toussaint_afp_133353_00QPDR_0.JPG.jpg" />
<media:thumbnail url="http://www.lesoir.be/stories/thumb180x120/mediastore/_2009/novembre/hermes/ID1904764_03_toussaint_afp_133353_00QPDR_0.JPG.jpg" /><link><![CDATA[http://www.lesoir.be/culture/livres/2009-11-03/jean-philippe-toussaint-laureat-prix-decembre-736107.shtml]]></link><description><![CDATA[<img src="http://www.lesoir.be/stories/thumb180x120/mediastore/_2009/novembre/hermes/ID1904764_03_toussaint_afp_133353_00QPDR_0.JPG.jpg" width="120" align="left" hspace="4" vspace="4" />Candidat malheureux au prix Goncourt d&#233;cern&#233; hier &#224; Marie Ndiaye, le Belge Jean-Philippe Toussaint a remport&#233; ce midi &#224; l&#8217;h&#244;tel Lut&#233;tia le prix D&#233;cembre, r&#233;compense moins prestigieuse mais richement dot&#233;e car parrain&#233;e par Pierre Berg&#233; (30.000&#160;euros), pour son roman &#171;&#160;La v&#233;rit&#233; sur Marie&#160;&#187; (Minuit).
]]></description><author>internet@lesoir.be (Avec les r&#233;dactions du Soir en ligne, du Soir, d&#8217;AFP, d&#8217;AP et de Belga)</author>
<pubDate>Tue, 03 Nov 2009 16:06:00 +0200</pubDate>
<guid isPermaLink="false">gps://story/736107</guid>
</item><item><category>FOOTBALL </category>
<title>Le Real joue gros au Milan</title><media:content url="http://www.lesoir.be/mediastore/_2009/novembre/hermes/ID1904446_03_pellegrini_kaka_ap_103_00QPAX_0.JPG.jpg" />
<media:thumbnail url="http://www.lesoir.be/stories/thumb180x120/mediastore/_2009/novembre/hermes/ID1904446_03_pellegrini_kaka_ap_103_00QPAX_0.JPG.jpg" /><link><![CDATA[http://www.lesoir.be/sports/football/2009-11-03/real-joue-gros-milan-736067.shtml]]></link><description><![CDATA[<img src="http://www.lesoir.be/stories/thumb180x120/mediastore/_2009/novembre/hermes/ID1904446_03_pellegrini_kaka_ap_103_00QPAX_0.JPG.jpg" width="120" align="left" hspace="4" vspace="4" /><span class="st_vedette">LIGUE DES CHAMPIONS</span>  L&#8217;AC Milan, retrouv&#233; depuis son succ&#232;s remarqu&#233; il y a deux semaines sur la pelouse du Real Madrid (2-3), accueille l&#8217;&#233;quipe madril&#232;ne qui, &#224; l&#8217;exact inverse, est en plein doute depuis cette d&#233;faite, mardi &#224; San
Siro lors de la 4e journ&#233;e de la Ligue des Champions. Les deux clubs les plus titr&#233;s de l&#8217;histoire de la C1&#160;partagent la t&#234;te de la poule avec 6&#160;points&#160;: si le choc offre un vainqueur, ce dernier prendra un net avantage en vue de la qualification.
]]></description><author>internet@lesoir.be (Avec les r&#233;dactions du Soir en ligne, du Soir, d&#8217;AFP, d&#8217;AP et de Belga)</author>
<pubDate>Tue, 03 Nov 2009 10:57:00 +0200</pubDate>
<guid isPermaLink="false">gps://story/736067</guid>
</item><item><category>FRANCE </category>
<title>Dans ses m&#233;moires, Jacques Chirac r&#232;gle ses comptes</title><media:content url="http://www.lesoir.be/mediastore/_2009/novembre/hermes/ID1904825_03_chirac02_afp_140631_00QPE2_0.JPG.jpg" />
<media:thumbnail url="http://www.lesoir.be/stories/thumb180x120/mediastore/_2009/novembre/hermes/ID1904825_03_chirac02_afp_140631_00QPE2_0.JPG.jpg" /><link><![CDATA[http://www.lesoir.be/actualite/france/2009-11-03/memoires-jacques-chirac-regle-comptes-736112.shtml]]></link><description><![CDATA[<img src="http://www.lesoir.be/stories/thumb180x120/mediastore/_2009/novembre/hermes/ID1904825_03_chirac02_afp_140631_00QPE2_0.JPG.jpg" width="120" align="left" hspace="4" vspace="4" />Dans ses m&#233;moires, Jacques Chirac &#233;voque la &#171;&#160;rancune tenace&#160;&#187; que lui voue, selon lui, Val&#233;ry Giscard d&#8217;Estaing, rappelle la trahison d&#8217;Edouard Balladur en 1995, mais parle aussi de son admiration pour Fran&#231;ois Mitterrand, selon &#171;&#160;Le Parisien/Aujourd&#8217;hui en France&#160;&#187;, qui a publi&#233; mardi des extraits de l&#8217;ouvrage.
]]></description><author>internet@lesoir.be (Avec les r&#233;dactions du Soir en ligne, du Soir, d&#8217;AFP, d&#8217;AP et de Belga)</author>
<pubDate>Tue, 03 Nov 2009 13:59:00 +0200</pubDate>
<guid isPermaLink="false">gps://story/736112</guid>
</item><item><category>BELGIQUE </category>
<title>Dehaene plaide pour une r&#233;forme des pensions</title><media:content url="http://www.lesoir.be/mediastore/_2009/novembre/hermes/ID1904489_03_pensions_dr_111351_00QPC0_0.JPG.jpg" />
<media:thumbnail url="http://www.lesoir.be/stories/thumb180x120/mediastore/_2009/novembre/hermes/ID1904489_03_pensions_dr_111351_00QPC0_0.JPG.jpg" /><link><![CDATA[http://www.lesoir.be/actualite/belgique/2009-11-03/dehaene-plaide-reforme-pensions-736070.shtml]]></link><description><![CDATA[<img src="http://www.lesoir.be/stories/thumb180x120/mediastore/_2009/novembre/hermes/ID1904489_03_pensions_dr_111351_00QPC0_0.JPG.jpg" width="120" align="left" hspace="4" vspace="4" />La Belgique ne peut pas &#233;chapper, comme les pays voisins, &#224; des changements pour maintenir une s&#233;curit&#233; sociale viable, a d&#233;clar&#233; l&#8217;ex-Premier, Jean-Luc Dehaene (CD&#38;V), lundi soir sur les ondes de la VRT lors de l&#8217;&#233;mission &#171;&#160;De toestand&#160;&#187;. L&#8217;information figure &#233;galement dans &#171;&#160;De Tijd&#160;&#187; mardi.
]]></description><author>internet@lesoir.be (Avec les r&#233;dactions du Soir en ligne, du Soir, d&#8217;AFP, d&#8217;AP et de Belga)</author>
<pubDate>Tue, 03 Nov 2009 11:11:00 +0200</pubDate>
<guid isPermaLink="false">gps://story/736070</guid>
</item><item><category>ECONOMIE </category>
<title>La banque HSBC supprime 1.700 emplois au Royaume-Uni</title><link><![CDATA[http://www.lesoir.be/actualite/economie/2009-11-03/banque-hsbc-supprime-1700-emplois-royaume-uni-736135.shtml]]></link><description><![CDATA[La banque britannique HSBC a annonc&#233; mardi la suppression de 1.700&#160;emplois au Royaume-Uni. 4.600&#160;postes auront &#233;t&#233; supprim&#233;s dans cette banque cette ann&#233;e.
]]></description><author>internet@lesoir.be (Avec les r&#233;dactions du Soir en ligne, du Soir, d&#8217;AFP, d&#8217;AP et de Belga)</author>
<pubDate>Tue, 03 Nov 2009 16:29:00 +0200</pubDate>
<guid isPermaLink="false">gps://story/736135</guid>
</item><item><category>BELGIQUE </category>
<title>Ghislenghien : 200 pompiers au tribunal</title><media:content url="http://www.lesoir.be/mediastore/_2009/novembre/hermes/ID1904450_03_ghislenghien_belga_104_00QPAZ_0.JPG.jpg" />
<media:thumbnail url="http://www.lesoir.be/stories/thumb180x120/mediastore/_2009/novembre/hermes/ID1904450_03_ghislenghien_belga_104_00QPAZ_0.JPG.jpg" /><link><![CDATA[http://www.lesoir.be/actualite/belgique/2009-11-03/ghislenghien-quelque-200-pompiers-tribunal-736068.shtml]]></link><description><![CDATA[<img src="http://www.lesoir.be/stories/thumb180x120/mediastore/_2009/novembre/hermes/ID1904450_03_ghislenghien_belga_104_00QPAZ_0.JPG.jpg" width="120" align="left" hspace="4" vspace="4" />Quelque 200&#160;pompiers en uniforme, venus de services incendies de tout le pays, se sont d&#233;plac&#233;s devant le tribunal correctionnel de Tournai qui se penche sur les responsabilit&#233;s dans la catastrophe de Ghislenghien. Pour rendre hommage aux victimes, soutenir
le commandant Pettiaux, mort dans l&#8217;explosion et mis en cause, et d&#233;fendre enfin leur profession.
]]></description><author>internet@lesoir.be (Avec les r&#233;dactions du Soir en ligne, du Soir, d&#8217;AFP, d&#8217;AP et de Belga)</author>
<pubDate>Tue, 03 Nov 2009 10:57:00 +0200</pubDate>
<guid isPermaLink="false">gps://story/736068</guid>
</item><item><category>MONDE </category>
<title>La Cour constitutionnelle tch&#232;que approuve le Trait&#233; de Lisbonne</title><media:content url="http://www.lesoir.be/mediastore/_2009/novembre/hermes/ID1904378_03_tchequiee_afp_093345_00QPA1_0.JPG.jpg" />
<media:thumbnail url="http://www.lesoir.be/stories/thumb180x120/mediastore/_2009/novembre/hermes/ID1904378_03_tchequiee_afp_093345_00QPA1_0.JPG.jpg" /><link><![CDATA[http://www.lesoir.be/actualite/monde/2009-11-03/cour-constitutionnelle-tcheque-approuve-traite-lisbonne-736031.shtml]]></link><description><![CDATA[<img src="http://www.lesoir.be/stories/thumb180x120/mediastore/_2009/novembre/hermes/ID1904378_03_tchequiee_afp_093345_00QPA1_0.JPG.jpg" width="120" align="left" hspace="4" vspace="4" />La Cour constitutionnelle tch&#232;que a jug&#233; le trait&#233; de Lisbonne conforme &#224; la loi fondamentale du pays, condition n&#233;cessaire &#224; la ratification compl&#232;te du trait&#233; et au choix du futur pr&#233;sident de l&#8217;Europe. L&#8217;eurosceptique pr&#233;sident tch&#232;que Vaclav Klaus a jur&#233; qu&#8217;il signerait le trait&#233; imm&#233;diatement apr&#232;s l&#8217;arr&#234;t de la Cour.
]]></description><author>internet@lesoir.be (Avec les r&#233;dactions du Soir en ligne, du Soir, d&#8217;AFP, d&#8217;AP et de Belga)</author>
<pubDate>Tue, 03 Nov 2009 11:30:00 +0200</pubDate>
<guid isPermaLink="false">gps://story/736031</guid>
</item><item><category>BELGIQUE </category>
<title>Le violeur de Wezembeek condamn&#233; &#224; 13 ans fermes</title><link><![CDATA[http://www.lesoir.be/actualite/belgique/2009-11-03/violeur-wezembeek-condamne-13-fermes-736126.shtml]]></link><description><![CDATA[La cour d&#8217;appel de Bruxelles, si&#233;geant en mati&#232;re correctionnelle, a condamn&#233; mardi Jessy Piacentini, 24&#160;ans, &#224; un total de 13&#160;ans de prison ferme. Le Forestois a &#233;t&#233; reconnu coupable de deux tentatives de meurtre, d&#8217;un viol et de trois tentatives de viol commis sur des jeunes femmes, sur le territoire de la commune de Wezembeek-Oppem, entre le 2&#160;mars 2008&#160;et le 1er mai 2008.
]]></description><author>internet@lesoir.be (Avec les r&#233;dactions du Soir en ligne, du Soir, d&#8217;AFP, d&#8217;AP et de Belga)</author>
<pubDate>Tue, 03 Nov 2009 15:29:00 +0200</pubDate>
<guid isPermaLink="false">gps://story/736126</guid>
</item><item><category>BELGIQUE </category>
<title>Van Rompuy nomin&#233; &#224; l&#8217;Europe : relisez le chat avec le politologue Dave Sinardet</title><media:content url="http://www.lesoir.be/mediastore/_2009/novembre/hermes/ID1904486_03_rompuy_111232_00QPCC_0.JPG.jpg" />
<media:thumbnail url="http://www.lesoir.be/stories/thumb180x120/mediastore/_2009/novembre/hermes/ID1904486_03_rompuy_111232_00QPCC_0.JPG.jpg" /><link><![CDATA[http://www.lesoir.be/actualite/belgique/2009-11-03/van-rompuy-nomine-europe-chattez-politologue-dave-sinardet-14h30-15h30-736077.shtml]]></link><description><![CDATA[<img src="http://www.lesoir.be/stories/thumb180x120/mediastore/_2009/novembre/hermes/ID1904486_03_rompuy_111232_00QPCC_0.JPG.jpg" width="120" align="left" hspace="4" vspace="4" />Le nom de Herman Van Rompuy circule pour la future fonction de pr&#233;sident du Conseil europ&#233;en. Le Premier ministre fait l&#8217;objet d&#8217;un consensus. Voil&#224; qui ne fait par forc&#233;ment les affaires du gouvernement belge&#160;: qui le remplacerait au Seize&#160;? <span class="st_vedette">RELISEZ LE CHAT AVEC LE POLITOLOGUE DE L&#8217;UNIVERSIT&#201; D&#8217;ANVERS DAVE SINARDET </span> 
]]></description><author>internet@lesoir.be (Avec les r&#233;dactions du Soir en ligne, du Soir, d&#8217;AFP, d&#8217;AP et de Belga)</author>
<pubDate>Tue, 03 Nov 2009 15:49:00 +0200</pubDate>
<guid isPermaLink="false">gps://story/736077</guid>
</item><item><category>MUSIQUE </category>
<title>Avec son buzz, Stromae danse en haut de l'ultratop</title><media:content url="http://www.lesoir.be/mediastore/_2009/aout/du_21_a_la_fin/_03_stromae.jpg" />
<media:thumbnail url="http://www.lesoir.be/stories/thumb180x120/mediastore/_2009/aout/du_21_a_la_fin/_03_stromae.jpg" /><link><![CDATA[http://www.lesoir.be/culture/musiques/2009-11-03/buzz-stromae-danse-haut-ultratop-736117.shtml]]></link><description><![CDATA[<img src="http://www.lesoir.be/stories/thumb180x120/mediastore/_2009/aout/du_21_a_la_fin/_03_stromae.jpg" width="120" align="left" hspace="4" vspace="4" />Le buzz du moment&#160;! Stromae, en t&#234;te des ventes de l&#39;ultratop depuis cinq semaines, fait &#233;galement un carton sur le net, o&#249; son succ&#232;s d&#233;passe nos fronti&#232;res. ]]></description><author>internet@lesoir.be (Avec les r&#233;dactions du Soir en ligne, du Soir, d&#8217;AFP, d&#8217;AP et de Belga)</author>
<pubDate>Tue, 03 Nov 2009 14:32:00 +0200</pubDate>
<guid isPermaLink="false">gps://story/736117</guid>
</item><item><category>BELGIQUE </category>
<title>Le p&#232;re de Younes vu le long de l&#8217;A19</title><media:content url="http://www.lesoir.be/mediastore/_2009/novembre/hermes/ID1904453_03_younes_belga_104347_00QPAW_0.JPG.jpg" />
<media:thumbnail url="http://www.lesoir.be/stories/thumb180x120/mediastore/_2009/novembre/hermes/ID1904453_03_younes_belga_104347_00QPAW_0.JPG.jpg" /><link><![CDATA[http://www.lesoir.be/actualite/belgique/2009-11-03/pere-younes-long-a19-736066.shtml]]></link><description><![CDATA[<img src="http://www.lesoir.be/stories/thumb180x120/mediastore/_2009/novembre/hermes/ID1904453_03_younes_belga_104347_00QPAW_0.JPG.jpg" width="120" align="left" hspace="4" vspace="4" />La police a re&#231;u diff&#233;rents t&#233;moignages de personnes ayant aper&#231;u le p&#232;re du jeune Younes sur la berme de l&#8217;autoroute A19. La police a effectu&#233; lundi des minutieuses recherches sur la berme, le long de l&#8217;autoroute A 19, entre Wevelgem et Ypres pour retrouver Younes, qui a disparu depuis la nuit du dimanche 25&#160;au lundi 26&#160;octobre.
]]></description><author>internet@lesoir.be (Avec les r&#233;dactions du Soir en ligne, du Soir, d&#8217;AFP, d&#8217;AP et de Belga)</author>
<pubDate>Tue, 03 Nov 2009 11:04:00 +0200</pubDate>
<guid isPermaLink="false">gps://story/736066</guid>
</item><item><category>MONDE </category>
<title>TPI : premi&#232;re comparution de Karadzic</title><media:content url="http://www.lesoir.be/mediastore/_2009/novembre/hermes/ID1904989_03_kara02_epa_151809_00QPCH_0.JPG.jpg" />
<media:thumbnail url="http://www.lesoir.be/stories/thumb180x120/mediastore/_2009/novembre/hermes/ID1904989_03_kara02_epa_151809_00QPCH_0.JPG.jpg" /><link><![CDATA[http://www.lesoir.be/actualite/monde/2009-11-03/karadzic-sera-present-tpiy-premiere-fois-736079.shtml]]></link><description><![CDATA[<img src="http://www.lesoir.be/stories/thumb180x120/mediastore/_2009/novembre/hermes/ID1904989_03_kara02_epa_151809_00QPCH_0.JPG.jpg" width="120" align="left" hspace="4" vspace="4" />L&#8217;ex-chef politique des Serbes de Bosnie Radovan Karadzic a comparu mardi pour la premi&#232;re fois devant le Tribunal p&#233;nal international (TPI) pour l&#8217;ex-Yougoslavie depuis l&#8217;ouverture de son proc&#232;s, qu&#8217;il boycotte, pour une audience de proc&#233;dure.
]]></description><author>internet@lesoir.be (Avec les r&#233;dactions du Soir en ligne, du Soir, d&#8217;AFP, d&#8217;AP et de Belga)</author>
<pubDate>Tue, 03 Nov 2009 16:04:00 +0200</pubDate>
<guid isPermaLink="false">gps://story/736079</guid>
</item><item><category>ECONOMIE </category>
<title>P&#233;nurie de pi&#232;ces de 1 et 2 cents</title><media:content url="http://www.lesoir.be/mediastore/_2009/novembre/hermes/ID1904331_03_cents_hanssens_083059_00QP9P_0.JPG.jpg" />
<media:thumbnail url="http://www.lesoir.be/stories/thumb180x120/mediastore/_2009/novembre/hermes/ID1904331_03_cents_hanssens_083059_00QP9P_0.JPG.jpg" /><link><![CDATA[http://www.lesoir.be/actualite/economie/2009-11-03/penurie-pieces-1-2-cents-736023.shtml]]></link><description><![CDATA[<img src="http://www.lesoir.be/stories/thumb180x120/mediastore/_2009/novembre/hermes/ID1904331_03_cents_hanssens_083059_00QP9P_0.JPG.jpg" width="120" align="left" hspace="4" vspace="4" />La semaine derni&#232;re, Delhaize a plac&#233; dans ses magasins des affichettes demandant &#224; ses clients de ramener leurs pi&#232;ces de 1&#160;et 2&#160;cents alors que dans les banques, on est proche de la p&#233;nurie, indiquent les journaux du groupe Sud Presse.
]]></description><author>internet@lesoir.be (Avec les r&#233;dactions du Soir en ligne, du Soir, d&#8217;AFP, d&#8217;AP et de Belga)</author>
<pubDate>Tue, 03 Nov 2009 08:30:00 +0200</pubDate>
<guid isPermaLink="false">gps://story/736023</guid>
</item><item><category>ECONOMIE </category>
<title>L&#8217;emploi en Belgique se contractera davantage</title><media:content url="http://www.lesoir.be/mediastore/_2009/novembre/hermes/ID1904498_03_travail_afp_111907_00QPC5_0.JPG.jpg" />
<media:thumbnail url="http://www.lesoir.be/stories/thumb180x120/mediastore/_2009/novembre/hermes/ID1904498_03_travail_afp_111907_00QPC5_0.JPG.jpg" /><link><![CDATA[http://www.lesoir.be/actualite/economie/2009-11-03/emploi-belgique-se-contractera-davantage-736076.shtml]]></link><description><![CDATA[<img src="http://www.lesoir.be/stories/thumb180x120/mediastore/_2009/novembre/hermes/ID1904498_03_travail_afp_111907_00QPC5_0.JPG.jpg" width="120" align="left" hspace="4" vspace="4" />Le taux d&#8217;emploi de la Belgique devrait souffrir un petit peu plus que la moyenne europ&#233;enne l&#8217;an prochain, apr&#232;s avoir nettement mieux r&#233;sist&#233; cette ann&#233;e, selon les pr&#233;visions &#233;conomiques publi&#233;es par la Commission europ&#233;enne. Dans la zone euro, la reprise graduelle se confirme.
]]></description><author>internet@lesoir.be (Avec les r&#233;dactions du Soir en ligne, du Soir, d&#8217;AFP, d&#8217;AP et de Belga)</author>
<pubDate>Tue, 03 Nov 2009 13:24:00 +0200</pubDate>
<guid isPermaLink="false">gps://story/736076</guid>
</item><item><category>BELGIQUE </category>
<title>Van Rompuy &#224; l&#8217;Europe, qui le remplacerait au Seize ?</title><media:content url="http://www.lesoir.be/mediastore/_2009/novembre/hermes/ID1904322_03_rompouy_belga_075748_00QP9F_0.JPG.jpg" />
<media:thumbnail url="http://www.lesoir.be/stories/thumb180x120/mediastore/_2009/novembre/hermes/ID1904322_03_rompouy_belga_075748_00QP9F_0.JPG.jpg" /><link><![CDATA[http://www.lesoir.be/actualite/belgique/2009-11-03/van-rompuy-europe-remplacerait-seize-736016.shtml]]></link><description><![CDATA[<img src="http://www.lesoir.be/stories/thumb180x120/mediastore/_2009/novembre/hermes/ID1904322_03_rompouy_belga_075748_00QP9F_0.JPG.jpg" width="120" align="left" hspace="4" vspace="4" />Le Premier ministre Herman Van Rompuy est tr&#232;s sollicit&#233; pour devenir le premier pr&#233;sident de l&#8217;Union europ&#233;enne. Son nom fait l&#8217;objet d&#8217;un consensus ont indiqu&#233; lundi plusieurs diplomates europ&#233;ens. Voil&#224; qui ne fait par forc&#233;ment les affaires du gouvernement belge&#160;: qui le remplacerait au Seize&#160;? <span class="st_vedette">PAR MARTINE DUBUISSON</span> 
]]></description><author>internet@lesoir.be (Avec les r&#233;dactions du Soir en ligne, du Soir, d&#8217;AFP, d&#8217;AP et de Belga)</author>
<pubDate>Tue, 03 Nov 2009 15:54:00 +0200</pubDate>
<guid isPermaLink="false">gps://story/736016</guid>
</item><item><category>ECONOMIE </category>
<title>KBC sonde le march&#233; sur une vente de KBL</title><link><![CDATA[http://www.lesoir.be/actualite/economie/2009-11-03/kbc-sonde-marche-sur-vente-kbl-736092.shtml]]></link><description><![CDATA[Le bancassureur flamand KBC sonde le march&#233; &#224; propos d&#8217;une vente de ses activit&#233;s de banque priv&#233;e en Europe dans le cadre de son plan de restructuration. Les noms de la banque suisse Julius Baer et de la banque fran&#231;aise Soci&#233;t&#233; G&#233;n&#233;rale circulent comme candidats &#224; la reprise.
]]></description><author>internet@lesoir.be (Avec les r&#233;dactions du Soir en ligne, du Soir, d&#8217;AFP, d&#8217;AP et de Belga)</author>
<pubDate>Tue, 03 Nov 2009 11:53:00 +0200</pubDate>
<guid isPermaLink="false">gps://story/736092</guid>
</item><item><category>BELGIQUE </category>
<title>La maison de Dutroux ras&#233;e et transform&#233;e en parc</title><link><![CDATA[http://www.lesoir.be/actualite/belgique/2009-11-03/maison-dutroux-rasee-transformee-parc-736091.shtml]]></link><description><![CDATA[La maison de Marc Dutroux &#224; Sars-la-Buissi&#232;re sera bel et bien ras&#233;e pour y construire un espace vert.
]]></description><author>internet@lesoir.be (Avec les r&#233;dactions du Soir en ligne, du Soir, d&#8217;AFP, d&#8217;AP et de Belga)</author>
<pubDate>Tue, 03 Nov 2009 11:53:00 +0200</pubDate>
<guid isPermaLink="false">gps://story/736091</guid>
</item><item><category>AIRS DU TEMPS </category>
<title>En gastronomie aussi, le bling-bling, c&#8217;est fini !</title><media:content url="http://www.lesoir.be/mediastore/_2009/novembre/hermes/ID1904475_03_restaurant_afp_110702_00QPC1_0.JPG.jpg" />
<media:thumbnail url="http://www.lesoir.be/stories/thumb180x120/mediastore/_2009/novembre/hermes/ID1904475_03_restaurant_afp_110702_00QPC1_0.JPG.jpg" /><link><![CDATA[http://www.lesoir.be/culture/air_du_temps/2009-11-03/gastronomie-bling-bling-fini-736072.shtml]]></link><description><![CDATA[<img src="http://www.lesoir.be/stories/thumb180x120/mediastore/_2009/novembre/hermes/ID1904475_03_restaurant_afp_110702_00QPC1_0.JPG.jpg" width="120" align="left" hspace="4" vspace="4" />En gastronomie comme ailleurs, le bling-bling n&#8217;a plus la cote&#160;! La crise aidant, les grands restaurants traditionnels ont du mal &#224; faire le plein au profit de tables tout aussi soucieuses de gastronomie mais moins luxueuses.
]]></description><author>internet@lesoir.be (Avec les r&#233;dactions du Soir en ligne, du Soir, d&#8217;AFP, d&#8217;AP et de Belga)</author>
<pubDate>Tue, 03 Nov 2009 11:00:00 +0200</pubDate>
<guid isPermaLink="false">gps://story/736072</guid>
</item><item><category>BELGIQUE </category>
<title>Fin d&#8217;alerte chez Roularta</title><link><![CDATA[http://www.lesoir.be/actualite/belgique/2009-11-03/evacuation-roularta-suite-alerte-bombe-736075.shtml]]></link><description><![CDATA[Le personnel de Roularta, r&#233;parti sur les sites de Roulers, Zellik et Haren (Bruxelles) ont pu regagner peu apr&#232;s onze heures mardi ses b&#226;timents, a-t-on appris aupr&#232;s de la direction bruxelloise du groupe. Une alerte &#224; la bombe avait &#233;t&#233; donn&#233;e au si&#232;ge central du groupe de presse mardi vers 10&#160;heures.
]]></description><author>internet@lesoir.be (Avec les r&#233;dactions du Soir en ligne, du Soir, d&#8217;AFP, d&#8217;AP et de Belga)</author>
<pubDate>Tue, 03 Nov 2009 11:55:00 +0200</pubDate>
<guid isPermaLink="false">gps://story/736075</guid>
</item><item><category>LIVRES </category>
<title>Le Goncourt &#224; Marie Ndiaye : la cons&#233;cration d'un auteur</title><media:content url="http://www.lesoir.be/mediastore/_2009/novembre/du_1_au_10/_03_NDIAYE.jpg" />
<media:thumbnail url="http://www.lesoir.be/stories/thumb180x120/mediastore/_2009/novembre/du_1_au_10/_03_NDIAYE.jpg" /><link><![CDATA[http://www.lesoir.be/culture/livres/2009-11-03/goncourt-marie-ndiaye-consecration-auteur-736045.shtml]]></link><description><![CDATA[<img src="http://www.lesoir.be/stories/thumb180x120/mediastore/_2009/novembre/du_1_au_10/_03_NDIAYE.jpg" width="120" align="left" hspace="4" vspace="4" />Choisie au premier tour, Marie Ndiaye s&#39;impose comme une &#233;vidence. Et comme au Femina en 2001. La vraie gagnante&#160;? La litt&#233;rature&#160;! Pourquoi ses livres ont-ils du succ&#232;s&#160;? &#171;&#160;Je pense que c&#39;est un m&#233;lange d&#39;histoires qui touchent et d&#39;&#233;criture&#160;&#187;, dit Marie Ndiaye.]]></description><author>internet@lesoir.be (Avec les r&#233;dactions du Soir en ligne, du Soir, d&#8217;AFP, d&#8217;AP et de Belga)</author>
<pubDate>Tue, 03 Nov 2009 09:52:00 +0200</pubDate>
<guid isPermaLink="false">gps://story/736045</guid>
</item><item><category>BELGIQUE </category>
<title>Longue attente pour l&#8217;examen pratique de conduite</title><media:content url="http://www.lesoir.be/mediastore/_2009/novembre/hermes/ID1904388_03_pratique_thienpont_094_00QPAA_0.JPG.jpg" />
<media:thumbnail url="http://www.lesoir.be/stories/thumb180x120/mediastore/_2009/novembre/hermes/ID1904388_03_pratique_thienpont_094_00QPAA_0.JPG.jpg" /><link><![CDATA[http://www.lesoir.be/actualite/belgique/2009-11-03/longue-attente-examen-pratique-permis-conduire-736040.shtml]]></link><description><![CDATA[<img src="http://www.lesoir.be/stories/thumb180x120/mediastore/_2009/novembre/hermes/ID1904388_03_pratique_thienpont_094_00QPAA_0.JPG.jpg" width="120" align="left" hspace="4" vspace="4" />Les personnes qui poss&#232;dent leur permis de conduire provisoire et qui veulent passer l&#8217;examen pratique doivent prendre leur mal en patience pour avoir un rendez-vous. Celui qui r&#233;serve une place aujourd&#8217;hui court le risque de ne pouvoir se pr&#233;senter au centre d&#8217;examen qu&#8217;en mars prochain
]]></description><author>internet@lesoir.be (Avec les r&#233;dactions du Soir en ligne, du Soir, d&#8217;AFP, d&#8217;AP et de Belga)</author>
<pubDate>Tue, 03 Nov 2009 09:47:00 +0200</pubDate>
<guid isPermaLink="false">gps://story/736040</guid>
</item><item><category>BELGIQUE </category>
<title>109.448 interpellations en 2008</title><media:content url="http://www.lesoir.be/mediastore/_2009/novembre/hermes/ID1904304_03_arrestation_thienpont__00QP90_0.JPG.jpg" />
<media:thumbnail url="http://www.lesoir.be/stories/thumb180x120/mediastore/_2009/novembre/hermes/ID1904304_03_arrestation_thienpont__00QP90_0.JPG.jpg" /><link><![CDATA[http://www.lesoir.be/actualite/belgique/2009-11-03/109448-arrestations-2008-736007.shtml]]></link><description><![CDATA[<img src="http://www.lesoir.be/stories/thumb180x120/mediastore/_2009/novembre/hermes/ID1904304_03_arrestation_thienpont__00QP90_0.JPG.jpg" width="120" align="left" hspace="4" vspace="4" />Quelque 109.448&#160;arrestations administratives et judiciaires ont &#233;t&#233; relev&#233;es en Belgique en 2008, soit 11&#160;% de plus qu&#8217;en 2005, r&#233;v&#232;le un rapport du comit&#233; P. Le nombre d&#8217;arrestations inclut toutes les personnes interpell&#233;es qui restent entre 3&#160;et 24&#160;heures dans une cellule pour tout type de faits (trouble de l&#8217;ordre public, s&#233;jour ill&#233;gal, vente de drogue, braquage, meurtre&#8230;).
]]></description><author>internet@lesoir.be (Avec les r&#233;dactions du Soir en ligne, du Soir, d&#8217;AFP, d&#8217;AP et de Belga)</author>
<pubDate>Tue, 03 Nov 2009 11:23:00 +0200</pubDate>
<guid isPermaLink="false">gps://story/736007</guid>
</item><item><category>ECONOMIE </category>
<title>La gr&#232;ve chez Tecteo a co&#251;t&#233; 1,1 million d&#8217;euros</title><media:content url="http://www.lesoir.be/mediastore/_2009/novembre/hermes/ID1904314_03_tecteo_ledure_073509_00QP98_0.JPG.jpg" />
<media:thumbnail url="http://www.lesoir.be/stories/thumb180x120/mediastore/_2009/novembre/hermes/ID1904314_03_tecteo_ledure_073509_00QP98_0.JPG.jpg" /><link><![CDATA[http://www.lesoir.be/actualite/economie/2009-11-03/greve-tecteo-coute-1-1-million-euros-736011.shtml]]></link><description><![CDATA[<img src="http://www.lesoir.be/stories/thumb180x120/mediastore/_2009/novembre/hermes/ID1904314_03_tecteo_ledure_073509_00QP98_0.JPG.jpg" width="120" align="left" hspace="4" vspace="4" />Le mouvement social qui a paralys&#233; durant plusieurs jours Tecteo en septembre dernier a co&#251;t&#233; &#224; l&#8217;intercommunale 1,1&#160;million d&#8217;euros. Ce montant comprend essentiellement les co&#251;ts de d&#233;dommagement et des notes de cr&#233;dit au profit des clients p&#233;nalis&#233;s de l&#8217;intercommunale de t&#233;l&#233;distribution, de services Internet et de t&#233;l&#233;distribution.
]]></description><author>internet@lesoir.be (Avec les r&#233;dactions du Soir en ligne, du Soir, d&#8217;AFP, d&#8217;AP et de Belga)</author>
<pubDate>Tue, 03 Nov 2009 07:29:00 +0200</pubDate>
<guid isPermaLink="false">gps://story/736011</guid>
</item><item><category>PETITE GAZETTE </category>
<title>La panth&#232;re noire vue &#224; Malmedy</title><media:content url="http://www.lesoir.be/mediastore/_2009/novembre/hermes/_03_panthere_dr_00QP9V_0.JPG.jpg" />
<media:thumbnail url="http://www.lesoir.be/stories/thumb180x120/mediastore/_2009/novembre/hermes/_03_panthere_dr_00QP9V_0.JPG.jpg" /><link><![CDATA[http://www.lesoir.be/actualite/economie/2009-11-03/panthere-noire-vue-malmedy-736027.shtml]]></link><description><![CDATA[<img src="http://www.lesoir.be/stories/thumb180x120/mediastore/_2009/novembre/hermes/_03_panthere_dr_00QP9V_0.JPG.jpg" width="120" align="left" hspace="4" vspace="4" />La panth&#232;re noire qui avait &#233;t&#233; vue plusieurs fois dans la province du Luxembourg en septembre dernier a &#233;t&#233; aper&#231;ue jeudi dernier &#224; Malmedy.
]]></description><author>internet@lesoir.be (Avec les r&#233;dactions du Soir en ligne, du Soir, d&#8217;AFP, d&#8217;AP et de Belga)</author>
<pubDate>Tue, 03 Nov 2009 08:57:00 +0200</pubDate>
<guid isPermaLink="false">gps://story/736027</guid>
</item><item><category>BELGIQUE </category>
<title>La juge De Tandt suspendue jusqu&#8217;au 2 d&#233;cembre</title><media:content url="http://www.lesoir.be/mediastore/_2009/novembre/hermes/ID1904288_02-tandt-b_232922_00QP1D_0.JPG.jpg" />
<media:thumbnail url="http://www.lesoir.be/stories/thumb180x120/mediastore/_2009/novembre/hermes/ID1904288_02-tandt-b_232922_00QP1D_0.JPG.jpg" /><link><![CDATA[http://www.lesoir.be/actualite/belgique/2009-11-02/juge-tandt-suspendue-2-decembre-735996.shtml]]></link><description><![CDATA[<img src="http://www.lesoir.be/stories/thumb180x120/mediastore/_2009/novembre/hermes/ID1904288_02-tandt-b_232922_00QP1D_0.JPG.jpg" width="120" align="left" hspace="4" vspace="4" />La suspension de la pr&#233;sidente du tribunal de commerce de Bruxelles, Francine De Tandt, a &#233;t&#233; confirm&#233;e par la cour d&#8217;appel de Bruxelles, annonce l&#8217;Echo. Elle prendra cours ce mardi et restera valable jusqu&#8217;au 2&#160;d&#233;cembre.
]]></description><author>internet@lesoir.be (Avec les r&#233;dactions du Soir en ligne, du Soir, d&#8217;AFP, d&#8217;AP et de Belga)</author>
<pubDate>Tue, 03 Nov 2009 06:34:00 +0200</pubDate>
<guid isPermaLink="false">gps://story/735996</guid>
</item><item><category>MONDE </category>
<title>Karza&#239; promet de lutter contre la corruption et tend la main aux talibans</title><media:content url="http://www.lesoir.be/mediastore/_2009/novembre/hermes/ID1904340_03_karzai_ap_084950_00QP9U_0.JPG.jpg" />
<media:thumbnail url="http://www.lesoir.be/stories/thumb180x120/mediastore/_2009/novembre/hermes/ID1904340_03_karzai_ap_084950_00QP9U_0.JPG.jpg" /><link><![CDATA[http://www.lesoir.be/actualite/monde/2009-11-03/karzai-appelle-freres-talibans-rentrer-afghanistan-736026.shtml]]></link><description><![CDATA[<img src="http://www.lesoir.be/stories/thumb180x120/mediastore/_2009/novembre/hermes/ID1904340_03_karzai_ap_084950_00QP9U_0.JPG.jpg" width="120" align="left" hspace="4" vspace="4" />Le pr&#233;sident afghan Hamid Karza&#239;, d&#233;clar&#233; vainqueur de l&#8217;&#233;lection pr&#233;sidentielle, a appel&#233; mardi ses &#171;&#160;fr&#232;res talibans&#160;&#187; &#224; rentrer en Afghanistan, lors de sa premi&#232;re d&#233;claration publique depuis l&#8217;annonce de sa r&#233;&#233;lection la veille. Il a &#233;galement promis d&#8217;&#171;&#160;&#233;radiquer&#160;&#187; la corruption dans son pays.
]]></description><author>internet@lesoir.be (Avec les r&#233;dactions du Soir en ligne, du Soir, d&#8217;AFP, d&#8217;AP et de Belga)</author>
<pubDate>Tue, 03 Nov 2009 10:14:00 +0200</pubDate>
<guid isPermaLink="false">gps://story/736026</guid>
</item><item><category>ACTUNET </category>
<title>Microsoft met en garde contre les vers informatiques</title><media:content url="http://www.lesoir.be/mediastore/_2009/novembre/hermes/ID1904352_03_ordi_dr_090720_00QP94_0.JPG.jpg" />
<media:thumbnail url="http://www.lesoir.be/stories/thumb180x120/mediastore/_2009/novembre/hermes/ID1904352_03_ordi_dr_090720_00QP94_0.JPG.jpg" /><link><![CDATA[http://www.lesoir.be/la_vie_du_net/actunet/2009-11-03/microsoft-met-garde-informatiques-736009.shtml]]></link><description><![CDATA[<img src="http://www.lesoir.be/stories/thumb180x120/mediastore/_2009/novembre/hermes/ID1904352_03_ordi_dr_090720_00QP94_0.JPG.jpg" width="120" align="left" hspace="4" vspace="4" />Le groupe informatique Microsoft am&#233;ricain a lanc&#233; une mise en garde contre l&#8217;augmentation des vers informatiques (logiciels malveillants), qui redeviennent le fl&#233;au qu&#8217;ils &#233;taient il y a une dizaine d&#8217;ann&#233;es.
]]></description><author>internet@lesoir.be (Avec les r&#233;dactions du Soir en ligne, du Soir, d&#8217;AFP, d&#8217;AP et de Belga)</author>
<pubDate>Tue, 03 Nov 2009 09:00:00 +0200</pubDate>
<guid isPermaLink="false">gps://story/736009</guid>
</item><item><category>MONDE </category>
<title>Le navire b&#226;ti avec l'acier du World Trade Center</title><media:content url="http://www.lesoir.be/mediastore/_2009/novembre/hermes/ID1904044_02-uss-afp_181909_00QNZF_0.JPG.jpg" />
<media:thumbnail url="http://www.lesoir.be/stories/thumb180x120/mediastore/_2009/novembre/hermes/ID1904044_02-uss-afp_181909_00QNZF_0.JPG.jpg" /><link><![CDATA[http://www.lesoir.be/actualite/monde/2009-11-02/navire-guerre-bati-acier-world-trade-center-735960.shtml]]></link><description><![CDATA[<img src="http://www.lesoir.be/stories/thumb180x120/mediastore/_2009/novembre/hermes/ID1904044_02-uss-afp_181909_00QNZF_0.JPG.jpg" width="120" align="left" hspace="4" vspace="4" /><span class="st_vedette">REPORTAGE</span>  L&#39;USS New York, dernier n&#233; de la marine am&#233;ricaine, est arriv&#233; lundi &#224; New York o&#249; il a &#233;t&#233; accueilli notamment par des familles des victimes des attentats du 11&#160;septembre 2001. Il a &#233;t&#233; construit en partie avec des d&#233;combres du World Trade Center. ]]></description><author>internet@lesoir.be (Avec les r&#233;dactions du Soir en ligne, du Soir, d&#8217;AFP, d&#8217;AP et de Belga)</author>
<pubDate>Mon, 02 Nov 2009 18:21:00 +0200</pubDate>
<guid isPermaLink="false">gps://story/735960</guid>
</item><item><category>MONDE </category>
<title>La police britannique publie une video de Maddie</title><media:content url="http://www.lesoir.be/mediastore/_2009/novembre/hermes/ID1904299_03_madeleine_afp_065442_00QP8X_0.JPG.jpg" />
<media:thumbnail url="http://www.lesoir.be/stories/thumb180x120/mediastore/_2009/novembre/hermes/ID1904299_03_madeleine_afp_065442_00QP8X_0.JPG.jpg" /><link><![CDATA[http://www.lesoir.be/actualite/monde/2009-11-03/police-britannique-publie-video-maddie-736004.shtml]]></link><description><![CDATA[<img src="http://www.lesoir.be/stories/thumb180x120/mediastore/_2009/novembre/hermes/ID1904299_03_madeleine_afp_065442_00QP8X_0.JPG.jpg" width="120" align="left" hspace="4" vspace="4" />La police britannique a publi&#233; sur internet une vid&#233;o de la petite Britannique Madeleine McCann, disparue en 2007&#160;au Portugal, comprenant notamment des photos d&#39;elle vieillie artificiellement et appelant quiconque disposerait d&#39;informations sur sa disparition &#224; se manifester. ]]></description><author>internet@lesoir.be (Avec les r&#233;dactions du Soir en ligne, du Soir, d&#8217;AFP, d&#8217;AP et de Belga)</author>
<pubDate>Tue, 03 Nov 2009 06:47:00 +0200</pubDate>
<guid isPermaLink="false">gps://story/736004</guid>
</item><item><category>CYCLISME </category>
<title>Philippe Gilbert : pas de Tour de France, &#171; en principe&#8230; &#187;</title><media:content url="http://www.lesoir.be/mediastore/_2009/novembre/hermes/ID1904252_02-gilbert_212812_00QP0Q_0.JPG.jpg" />
<media:thumbnail url="http://www.lesoir.be/stories/thumb180x120/mediastore/_2009/novembre/hermes/ID1904252_02-gilbert_212812_00QP0Q_0.JPG.jpg" /><link><![CDATA[http://www.lesoir.be/sports/cyclisme/2009-11-02/philippe-gilbert-giro-tour-france-735985.shtml]]></link><description><![CDATA[<img src="http://www.lesoir.be/stories/thumb180x120/mediastore/_2009/novembre/hermes/ID1904252_02-gilbert_212812_00QP0Q_0.JPG.jpg" width="120" align="left" hspace="4" vspace="4" /><span class="st_vedette">ENTRETIEN</span>  Comp&#233;titif de f&#233;vrier &#224; octobre, Philippe Gilbert a rayonn&#233; sous toutes les latitudes en 2009. Qu&#8217;en sera-t-il en 2010&#160;? Le coureur de l&#8217;&#233;quipe Omega Pharma-Lotto vient de d&#233;voiler son projet de saison. <span class="st_vedette">ENTRETIEN</span> 
]]></description><author>internet@lesoir.be (Avec les r&#233;dactions du Soir en ligne, du Soir, d&#8217;AFP, d&#8217;AP et de Belga)</author>
<pubDate>Mon, 02 Nov 2009 21:41:00 +0200</pubDate>
<guid isPermaLink="false">gps://story/735985</guid>
</item><item><category>SCIENCES </category>
<title>Les neiges du Kilimandjaro ne seront pas &#233;ternelles</title><media:content url="http://www.lesoir.be/mediastore/_2009/novembre/hermes/ID1904011_02-kili-dr_180702_00QP0K_0.JPG.jpg" />
<media:thumbnail url="http://www.lesoir.be/stories/thumb180x120/mediastore/_2009/novembre/hermes/ID1904011_02-kili-dr_180702_00QP0K_0.JPG.jpg" /><link><![CDATA[http://www.lesoir.be/actualite/sciences_sante/2009-11-02/neiges-kilimandjaro-eternelles-735982.shtml]]></link><description><![CDATA[<img src="http://www.lesoir.be/stories/thumb180x120/mediastore/_2009/novembre/hermes/ID1904011_02-kili-dr_180702_00QP0K_0.JPG.jpg" width="120" align="left" hspace="4" vspace="4" />La fonte des glaciers du Kilimandjaro, en Tanzanie, s&#39;acc&#233;l&#232;re et les champs de glace pourraient dispara&#238;tre dans les vingt ans, voire avant, selon des pal&#233;oclimatologues am&#233;ricains. Leurs travaux montrent que la principale cause de ce ph&#233;nom&#232;ne est tr&#232;s probablement la mont&#233;e des temp&#233;ratures du globe r&#233;sultant du r&#233;chauffement climatique. ]]></description><author>internet@lesoir.be (Avec les r&#233;dactions du Soir en ligne, du Soir, d&#8217;AFP, d&#8217;AP et de Belga)</author>
<pubDate>Mon, 02 Nov 2009 21:05:00 +0200</pubDate>
<guid isPermaLink="false">gps://story/735982</guid>
</item><item><category>FOOTBALL </category>
<title>Divisions nationales : 4 joueurs gripp&#233;s = pas de match</title><media:content url="http://www.lesoir.be/mediastore/_2009/novembre/hermes/ID1903940_02_grippe_afp_173630_00QNZ1_0.JPG.jpg" />
<media:thumbnail url="http://www.lesoir.be/stories/thumb180x120/mediastore/_2009/novembre/hermes/ID1903940_02_grippe_afp_173630_00QNZ1_0.JPG.jpg" /><link><![CDATA[http://www.lesoir.be/sports/football/2009-11-02/4-joueurs-grippes-match-foot-735951.shtml]]></link><description><![CDATA[<img src="http://www.lesoir.be/stories/thumb180x120/mediastore/_2009/novembre/hermes/ID1903940_02_grippe_afp_173630_00QNZ1_0.JPG.jpg" width="120" align="left" hspace="4" vspace="4" />Il faudra au moins que 4&#160;joueurs du noyau A soient touch&#233;s pour d&#233;cider d&#39;une remise ponctuelle d&#39;un match du championnat de Belgique, c&#39;est l&#39;une des dispositions prises par l&#39;Union Belge de football lundi pour les divisions nationales en cas d&#39;&#233;pid&#233;mie de grippe A/H1N1. ]]></description><author>internet@lesoir.be (Avec les r&#233;dactions du Soir en ligne, du Soir, d&#8217;AFP, d&#8217;AP et de Belga)</author>
<pubDate>Mon, 02 Nov 2009 17:35:00 +0200</pubDate>
<guid isPermaLink="false">gps://story/735951</guid>
</item><item><category>BRUXELLES </category>
<title>Des fraudes  sur les ch&#232;ques-langues Actiris</title><media:content url="http://www.lesoir.be/mediastore/_2009/novembre/hermes/bxlfor04215478_00QNFY_0.JPG.jpg" />
<media:thumbnail url="http://www.lesoir.be/stories/thumb180x120/mediastore/_2009/novembre/hermes/bxlfor04215478_00QNFY_0.JPG.jpg" /><link><![CDATA[http://www.lesoir.be/regions/bruxelles/2009-11-02/cheques-blanc-cheques-langues-735845.shtml]]></link><description><![CDATA[<img src="http://www.lesoir.be/stories/thumb180x120/mediastore/_2009/novembre/hermes/bxlfor04215478_00QNFY_0.JPG.jpg" width="120" align="left" hspace="4" vspace="4" />Les ch&#232;ques-langues &#233;mis par l&#39;office r&#233;gional bruxellois de l&#39;emploi, Actiris, ont &#233;t&#233; &#233;pingl&#233;s par la Cour des Comptes qui a constat&#233; des fraudes. Actiris a corrig&#233; le tir. Une &#233;tude faite en 2008&#160;d&#233;montre que les ch&#232;ques-langues augmentent les chances des sans-emploi de sortir du ch&#244;mage.]]></description><author>internet@lesoir.be (Avec les r&#233;dactions du Soir en ligne, du Soir, d&#8217;AFP, d&#8217;AP et de Belga)</author>
<pubDate>Mon, 02 Nov 2009 08:18:00 +0200</pubDate>
<guid isPermaLink="false">gps://story/735845</guid>
</item><item><category>BELGIQUE </category>
<title>Younes : vaines recherches le long de l&#8217;A19</title><media:content url="http://www.lesoir.be/mediastore/_2009/novembre/hermes/ID1903142_02_younes_v_101548_00QNZR_0.JPG.jpg" />
<media:thumbnail url="http://www.lesoir.be/stories/thumb180x120/mediastore/_2009/novembre/hermes/ID1903142_02_younes_v_101548_00QNZR_0.JPG.jpg" /><link><![CDATA[http://www.lesoir.be/actualite/belgique/2009-11-02/younes-recherches-negatives-long-a19-735966.shtml]]></link><description><![CDATA[<img src="http://www.lesoir.be/stories/thumb180x120/mediastore/_2009/novembre/hermes/ID1903142_02_younes_v_101548_00QNZR_0.JPG.jpg" width="120" align="left" hspace="4" vspace="4" />Les recherches men&#233;es lundi, durant toute la journ&#233;e, le long de l&#8217;autoroute A19&#160;entre Ypres et Wevelgem, afin de retrouver Younes Jratlou, ce petit Cominois de 4&#160;ans port&#233; disparu depuis le 26&#160;octobre dernier, sont n&#233;gatives, a indiqu&#233; le parquet de Tournai.
]]></description><author>internet@lesoir.be (Avec les r&#233;dactions du Soir en ligne, du Soir, d&#8217;AFP, d&#8217;AP et de Belga)</author>
<pubDate>Mon, 02 Nov 2009 19:35:00 +0200</pubDate>
<guid isPermaLink="false">gps://story/735966</guid>
</item><item><category>SCIENCES </category>
<title>Les plats pr&#233;par&#233;s et gras favorisent les d&#233;pressions</title><link><![CDATA[http://www.lesoir.be/actualite/sciences_sante/2009-11-02/plats-prepares-gras-favorisent-depressions-735968.shtml]]></link><description><![CDATA[Un r&#233;gime alimentaire contenant une grande quantit&#233; de plats pr&#233;par&#233;s et de produits gras augmente le risque de d&#233;pression, selon une &#233;tude britannique. Au contraire des l&#233;gumes frais, des fruits et du poisson.
]]></description><author>internet@lesoir.be (Avec les r&#233;dactions du Soir en ligne, du Soir, d&#8217;AFP, d&#8217;AP et de Belga)</author>
<pubDate>Mon, 02 Nov 2009 18:46:00 +0200</pubDate>
<guid isPermaLink="false">gps://story/735968</guid>
</item><item><category>FOOTBALL </category>
<title>Charleroi : Demol a d&#233;missionn&#233; pour divergences de vues</title><media:content url="http://www.lesoir.be/mediastore/_2009/novembre/hermes/ID1903755_02_demol_belga_163616_00QNYP_0.JPG.jpg" />
<media:thumbnail url="http://www.lesoir.be/stories/thumb180x120/mediastore/_2009/novembre/hermes/ID1903755_02_demol_belga_163616_00QNYP_0.JPG.jpg" /><link><![CDATA[http://www.lesoir.be/sports/football/2009-11-02/charleroi-prend-acte-demission-stephane-demol-735944.shtml]]></link><description><![CDATA[<img src="http://www.lesoir.be/stories/thumb180x120/mediastore/_2009/novembre/hermes/ID1903755_02_demol_belga_163616_00QNYP_0.JPG.jpg" width="120" align="left" hspace="4" vspace="4" />Le Sporting de Charleroi a pris acte lundi de la d&#233;mission de son d&#233;sormais ex-entra&#238;neur, sans apporter d&#8217;autres pr&#233;cisions. St&#233;phane Demol, lui, a d&#233;clar&#233; avoir d&#233;missionn&#233; pour divergences de vues. <span class="st_vedette">LE COMMUNIQU&#201; DE DEMOL</span> 
]]></description><author>internet@lesoir.be (Avec les r&#233;dactions du Soir en ligne, du Soir, d&#8217;AFP, d&#8217;AP et de Belga)</author>
<pubDate>Mon, 02 Nov 2009 19:42:00 +0200</pubDate>
<guid isPermaLink="false">gps://story/735944</guid>
</item><item><category>BELGIQUE </category>
<title>SNCB : Turtelboom veut sanctionner les resquilleurs</title><media:content url="http://www.lesoir.be/mediastore/_2009/novembre/hermes/ID1903118_02_trains_arc_095035_00QNUU_0.JPG.jpg" />
<media:thumbnail url="http://www.lesoir.be/stories/thumb180x120/mediastore/_2009/novembre/hermes/ID1903118_02_trains_arc_095035_00QNUU_0.JPG.jpg" /><link><![CDATA[http://www.lesoir.be/actualite/belgique/2009-11-02/sncb-turtelboom-veut-sanctionner-resquilleurs-735857.shtml]]></link><description><![CDATA[<img src="http://www.lesoir.be/stories/thumb180x120/mediastore/_2009/novembre/hermes/ID1903118_02_trains_arc_095035_00QNUU_0.JPG.jpg" width="120" align="left" hspace="4" vspace="4" />La ministre de l&#8217;Int&#233;rieur Annemie Turtelboom a pr&#233;par&#233; un projet de loi qui doit mettre fin &#224; l&#8217;impunit&#233; de fait dont b&#233;n&#233;ficient certains resquilleurs dans les trains de la SNCB. Les contr&#244;leurs pourront dresser un proc&#232;s-verbal.
]]></description><author>internet@lesoir.be (Avec les r&#233;dactions du Soir en ligne, du Soir, d&#8217;AFP, d&#8217;AP et de Belga)</author>
<pubDate>Mon, 02 Nov 2009 09:43:00 +0200</pubDate>
<guid isPermaLink="false">gps://story/735857</guid>
</item><item><category>MONDE </category>
<title>Clinton : &#171; L&#8217;Iran est &#224; un tournant &#187; s&#8217;il veut coop&#233;rer</title><media:content url="http://www.lesoir.be/mediastore/_2009/novembre/hermes/ID1904283_02-clinton-ap_230353_00QP17_0.JPG.jpg" />
<media:thumbnail url="http://www.lesoir.be/stories/thumb180x120/mediastore/_2009/novembre/hermes/ID1904283_02-clinton-ap_230353_00QP17_0.JPG.jpg" /><link><![CDATA[http://www.lesoir.be/actualite/monde/2009-11-02/clinton-iran-tournant-s-veut-cooperer-735993.shtml]]></link><description><![CDATA[<img src="http://www.lesoir.be/stories/thumb180x120/mediastore/_2009/novembre/hermes/ID1904283_02-clinton-ap_230353_00QP17_0.JPG.jpg" width="120" align="left" hspace="4" vspace="4" />La communaut&#233; internationale met la pression sur l&#8217;Iran, lui demandant de r&#233;pondre rapidement au projet d&#8217;accord de l&#8217;AIEA. Mais T&#233;h&#233;ran r&#233;clame de son c&#244;t&#233; une nouvelle r&#233;union internationale sur le combustible nucl&#233;aire pour son r&#233;acteur de recherche.
]]></description><author>internet@lesoir.be (Avec les r&#233;dactions du Soir en ligne, du Soir, d&#8217;AFP, d&#8217;AP et de Belga)</author>
<pubDate>Mon, 02 Nov 2009 23:37:00 +0200</pubDate>
<guid isPermaLink="false">gps://story/735993</guid>
</item><item><category>SCIENCES </category>
<title>La mafia des hormones continue de s&#233;vir en Belgique</title><media:content url="http://www.lesoir.be/mediastore/_2009/novembre/hermes/ID1903120_02_boef_arch_095103_00QNUN_0.JPG.jpg" />
<media:thumbnail url="http://www.lesoir.be/stories/thumb180x120/mediastore/_2009/novembre/hermes/ID1903120_02_boef_arch_095103_00QNUN_0.JPG.jpg" /><link><![CDATA[http://www.lesoir.be/actualite/sciences_sante/2009-11-02/mafia-hormones-continue-sevir-belgique-735855.shtml]]></link><description><![CDATA[<img src="http://www.lesoir.be/stories/thumb180x120/mediastore/_2009/novembre/hermes/ID1903120_02_boef_arch_095103_00QNUN_0.JPG.jpg" width="120" align="left" hspace="4" vspace="4" />La mafia des hormones continue de contaminer la viande en Belgique, rel&#232;ve l&#8217;Agence f&#233;d&#233;rale pour la s&#233;curit&#233; de la cha&#238;ne alimentaire (AFSCA). Le travail est de plus en plus effectu&#233; souvent par des hommes de paille qui &#233;copent de l&#233;g&#232;res sanctions quand ils se font prendre.
]]></description><author>internet@lesoir.be (Avec les r&#233;dactions du Soir en ligne, du Soir, d&#8217;AFP, d&#8217;AP et de Belga)</author>
<pubDate>Mon, 02 Nov 2009 09:43:00 +0200</pubDate>
<guid isPermaLink="false">gps://story/735855</guid>
</item><item><category>MONDE </category>
<title>Cuba &#224; De Gucht : la position de l&#8217;UE est &#171; inacceptable &#187;</title><media:content url="http://www.lesoir.be/mediastore/_2009/novembre/hermes/ID1904235_02-cuba-afp_205358_00QP0H_0.JPG.jpg" />
<media:thumbnail url="http://www.lesoir.be/stories/thumb180x120/mediastore/_2009/novembre/hermes/ID1904235_02-cuba-afp_205358_00QP0H_0.JPG.jpg" /><link><![CDATA[http://www.lesoir.be/actualite/monde/2009-11-02/cuba-gucht-position-commune-ue-inacceptable-735980.shtml]]></link><description><![CDATA[<img src="http://www.lesoir.be/stories/thumb180x120/mediastore/_2009/novembre/hermes/ID1904235_02-cuba-afp_205358_00QP0H_0.JPG.jpg" width="120" align="left" hspace="4" vspace="4" />Le chef de la diplomatie cubaine a re&#231;u &#224; La Havane le commissaire europ&#233;en au D&#233;veloppement Karel De Gucht. Bruno Rodriguez a qualifi&#233; d&#8217;&#171;&#160;inacceptable&#160;&#187; la &#171;&#160;position commune&#160;&#187; de l&#8217;Union europ&#233;enne sur Cuba qui lie la coop&#233;ration aux droits de l&#8217;Homme.
]]></description><author>internet@lesoir.be (Avec les r&#233;dactions du Soir en ligne, du Soir, d&#8217;AFP, d&#8217;AP et de Belga)</author>
<pubDate>Mon, 02 Nov 2009 21:11:00 +0200</pubDate>
<guid isPermaLink="false">gps://story/735980</guid>
</item><item><category>ECONOMIE </category>
<title>La Belgique perd 2,8 milliards de TVA</title><media:content url="http://www.lesoir.be/mediastore/_2009/novembre/hermes/ID1903446_02_fraude_arch_133831_00QNWM_0.JPG.jpg" />
<media:thumbnail url="http://www.lesoir.be/stories/thumb180x120/mediastore/_2009/novembre/hermes/ID1903446_02_fraude_arch_133831_00QNWM_0.JPG.jpg" /><link><![CDATA[http://www.lesoir.be/actualite/economie/2009-11-02/europe-perd-106-milliards-tva-735910.shtml]]></link><description><![CDATA[<img src="http://www.lesoir.be/stories/thumb180x120/mediastore/_2009/novembre/hermes/ID1903446_02_fraude_arch_133831_00QNWM_0.JPG.jpg" width="120" align="left" hspace="4" vspace="4" />La Commission europ&#233;enne a &#233;valu&#233; quels revenus potentiels sont perdus &#224; cause de fraudes &#224; la TVA. Les 25&#160;Etats europ&#233;ens perdent ensemble quelque 106&#160;milliards d&#8217;euros.
]]></description><author>internet@lesoir.be (Avec les r&#233;dactions du Soir en ligne, du Soir, d&#8217;AFP, d&#8217;AP et de Belga)</author>
<pubDate>Mon, 02 Nov 2009 15:16:00 +0200</pubDate>
<guid isPermaLink="false">gps://story/735910</guid>
</item><item><category>BELGIQUE </category>
<title>Les prisons d&#8217;Ittre et Louvain poursuivent la gr&#232;ve</title><media:content url="http://www.lesoir.be/mediastore/_2009/novembre/hermes/ID1903073_02_ittre_arch_080355_00QNU2_0.JPG.jpg" />
<media:thumbnail url="http://www.lesoir.be/stories/thumb180x120/mediastore/_2009/novembre/hermes/ID1903073_02_ittre_arch_080355_00QNU2_0.JPG.jpg" /><link><![CDATA[http://www.lesoir.be/actualite/belgique/2009-11-02/poursuite-greve-prison-ittre-735838.shtml]]></link><description><![CDATA[<img src="http://www.lesoir.be/stories/thumb180x120/mediastore/_2009/novembre/hermes/ID1903073_02_ittre_arch_080355_00QNU2_0.JPG.jpg" width="120" align="left" hspace="4" vspace="4" />Les gardiens de la prison de Louvain ont d&#233;cid&#233; de poursuivre leur gr&#232;ve jusque jeudi 10h00. Ils attendent des gestes concrets du cabinet du ministre de la Justice avant de reprendre le travail. Les agents p&#233;nitentiaires de la prison d&#8217;Ittre vont continuer la gr&#232;ve jusqu&#8217;au 11&#160;novembre. Ils r&#233;clament notamment la mise sur pied d&#8217;un corps sp&#233;cial d&#8217;intervention.
]]></description><author>internet@lesoir.be (Avec les r&#233;dactions du Soir en ligne, du Soir, d&#8217;AFP, d&#8217;AP et de Belga)</author>
<pubDate>Mon, 02 Nov 2009 13:29:00 +0200</pubDate>
<guid isPermaLink="false">gps://story/735838</guid>
</item><item><category>ECONOMIE </category>
<title>La Belgique parmi les paradis fiscaux opaques</title><media:content url="http://www.lesoir.be/mediastore/_2009/novembre/hermes/ID1903021_01-tax_b_231936_00QNEF_0.JPG.jpg" />
<media:thumbnail url="http://www.lesoir.be/stories/thumb180x120/mediastore/_2009/novembre/hermes/ID1903021_01-tax_b_231936_00QNEF_0.JPG.jpg" /><link><![CDATA[http://www.lesoir.be/actualite/economie/2009-11-01/belgique-paradis-fiscaux-opaques-735831.shtml]]></link><description><![CDATA[<img src="http://www.lesoir.be/stories/thumb180x120/mediastore/_2009/novembre/hermes/ID1903021_01-tax_b_231936_00QNEF_0.JPG.jpg" width="120" align="left" hspace="4" vspace="4" />Selon le nouvel indice d&#8217;opacit&#233; financi&#232;re FSI (Financial Secrecy Index), la Belgique se classe &#224; la neuvi&#232;me place du classement des paradis fiscaux les plus opaques, peut-on lire dimanche dans un communiqu&#233; du R&#233;seau pour la justice fiscale (RJF - Tax Justice Network). 
]]></description><author>internet@lesoir.be (Avec les r&#233;dactions du Soir en ligne, du Soir, d&#8217;AFP, d&#8217;AP et de Belga)</author>
<pubDate>Sun, 01 Nov 2009 23:12:00 +0200</pubDate>
<guid isPermaLink="false">gps://story/735831</guid>
</item><item><category>LIVRES </category>
<title>Ndiaye re&#231;oit le Goncourt, Beigbeder le Renaudot</title><media:content url="http://www.lesoir.be/mediastore/_2009/novembre/hermes/ID1903417_02_ndiaye_afp_131133_00QNWR_0.JPG.jpg" />
<media:thumbnail url="http://www.lesoir.be/stories/thumb180x120/mediastore/_2009/novembre/hermes/ID1903417_02_ndiaye_afp_131133_00QNWR_0.JPG.jpg" /><link><![CDATA[http://www.lesoir.be/culture/livres/2009-11-02/ndiaye-recoit-goncourt-beigbeder-renaudot-735912.shtml]]></link><description><![CDATA[<img src="http://www.lesoir.be/stories/thumb180x120/mediastore/_2009/novembre/hermes/ID1903417_02_ndiaye_afp_131133_00QNWR_0.JPG.jpg" width="120" align="left" hspace="4" vspace="4" />&#171;&#160;Trois femmes puissantes&#160;&#187; de Marie Ndiaye a remport&#233; lundi le prix Goncourt, annonc&#233; depuis le restaurant Drouant &#224; Paris.
Le Renaudot est d&#233;cern&#233; &#224; Fr&#233;d&#233;ric Beigbeder pour &#171;&#160;Un roman fran&#231;ais&#160;&#187; chez Grasset.
]]></description><author>internet@lesoir.be (Avec les r&#233;dactions du Soir en ligne, du Soir, d&#8217;AFP, d&#8217;AP et de Belga)</author>
<pubDate>Mon, 02 Nov 2009 15:27:00 +0200</pubDate>
<guid isPermaLink="false">gps://story/735912</guid>
</item></channel>
</rss>