<?xml version="1.0"?>
		<rss version="2.0">
		<channel>
		<title>Valves de 3e</title>
		<link>http://wwwdev.ulb.ac.be/valves_polytech/lect.php?valve=poly031&amp;matricule=666</link>
		<description>Troisième Année de Bachelier Ingénier Civil (Faculté des sciences appliquées - ULB)</description>
		<language>fr-be</language>
		<lastBuildDate>Tue, 03 Nov 2009 16:00:01 +0000</lastBuildDate>
		<generator>agora_parser 0.3/Jehan Bruggeman</generator>
		
				<item>
					<title> LANG-H-300 (Anglais III) </title>
					<link>http://wwwdev.ulb.ac.be/valves_polytech/lect.php?valve=poly031&amp;matricule=666#133-LANG-H-300-Anglais-III-</link>
					<description>

Madame Valcke ne donnera pas cours d'anglais ce mardi 3 novembre.&lt;br /&gt;
Les cours seront rattrap&amp;eacute;s ult&amp;eacute;rieurement.

</description><guid>http://wwwdev.ulb.ac.be/valves_polytech/lect.php?valve=poly031&amp;matricule=666#133-LANG-H-300-Anglais-III-</guid>
				</item>
				
				
				<item>
					<title> Dossiers de candidature pour un &amp;eacute;change international HORS Erasmus </title>
					<link>http://wwwdev.ulb.ac.be/valves_polytech/lect.php?valve=poly031&amp;matricule=666#163-Dossiers-de-candidature-pour-un-eacute-change-international-HORS-Erasmus-</link>
					<description>




                  &lt;A HREF="image/20091026/agoweaGWYon.pdf" target="_blank"&gt;
                  Fichier attach&amp;eacute;&lt;/A&gt;
                  
                  </description><guid>http://wwwdev.ulb.ac.be/valves_polytech/lect.php?valve=poly031&amp;matricule=666#163-Dossiers-de-candidature-pour-un-eacute-change-international-HORS-Erasmus-</guid>
				</item>
				
				
				<item>
					<title> Dossiers de candidature pour un &amp;eacute;change international de type &amp;laquo; Erasmus &amp;raquo; </title>
					<link>http://wwwdev.ulb.ac.be/valves_polytech/lect.php?valve=poly031&amp;matricule=666#163-Dossiers-de-candidature-pour-un-eacute-change-international-de-type-laquo-Erasmus-raquo-</link>
					<description>




                  &lt;A HREF="image/20091026/agosmayLYus.pdf" target="_blank"&gt;
                  Fichier attach&amp;eacute;&lt;/A&gt;
                  
                  </description><guid>http://wwwdev.ulb.ac.be/valves_polytech/lect.php?valve=poly031&amp;matricule=666#163-Dossiers-de-candidature-pour-un-eacute-change-international-de-type-laquo-Erasmus-raquo-</guid>
				</item>
				
				
				<item>
					<title> Attribution de Bourses </title>
					<link>http://wwwdev.ulb.ac.be/valves_polytech/lect.php?valve=poly031&amp;matricule=666#486-Attribution-de-Bourses-</link>
					<description>

 Attribution de 2 bourses de 2500.00 euros en faveur d'&amp;eacute;tudiants en &amp;eacute;tude ding&amp;eacute;nieur civil ou de doctorat en sciences physico-chimiques.&lt;br /&gt;
&lt;br /&gt;
&lt;b&gt;Les candidatures doivent parvenir au secr&amp;eacute;tariat de la Commission des Fondations de Bourses d'Etudes avant le 16 novembre 2009&lt;/b&gt;&lt;br /&gt;



                  &lt;A HREF="image/20091019/agocBa4XFes.zip" target="_blank"&gt;
                  Fichier attach&amp;eacute;&lt;/A&gt;
                  
                  </description><guid>http://wwwdev.ulb.ac.be/valves_polytech/lect.php?valve=poly031&amp;matricule=666#486-Attribution-de-Bourses-</guid>
				</item>
				
				
				<item>
					<title> Agendas 2009-2010 </title>
					<link>http://wwwdev.ulb.ac.be/valves_polytech/lect.php?valve=poly031&amp;matricule=666#122-Agendas-2009-2010-</link>
					<description>

 Nous vous rappelons que des agendas 2009-2010 sont disponibles gratuitement au secr&amp;eacute;tariat facultaire.&lt;br /&gt;


</description><guid>http://wwwdev.ulb.ac.be/valves_polytech/lect.php?valve=poly031&amp;matricule=666#122-Agendas-2009-2010-</guid>
				</item>
				
				 </channel>
		</rss>
		